item_id,jurisdiction,category,status,deadline_or_availability,source_url,application_path,guardrail_fit,evidence_note
RERC-FND-2026-NAT-HMGP,Nationwide and U.S. territories,Disaster Resilience,Disaster-triggered,"Available after qualifying presidential major-disaster declarations; applicant deadlines are set by the state, territory, or Tribe",https://www.fema.gov/grants/mitigation/hazard-mitigation,"States, territories, federally recognized Tribes, and local governments or eligible nonprofits applying as subapplicants through them",Natural-hazard nexus required,"Transportation projects must reduce a documented natural-hazard risk and meet mitigation-plan, feasibility, cost-effectiveness, and environmental requirements."
RERC-FND-2026-NAT-FMA,Nationwide and U.S. territories,Disaster Resilience,Recurring,Annual federal and applicant-level cycles; use the applicable state or territorial notice,https://www.fema.gov/grants/mitigation/flood-mitigation-assistance,"States, territories, federally recognized Tribes, and NFIP-participating communities applying through them",Natural-hazard nexus required,Funding addresses long-term flood risk to NFIP-insured structures and communities; it is not a general transportation grant.
RERC-FND-2026-NAT-POSTFIRE,Nationwide and U.S. territories,Disaster Resilience,Fire-declaration-triggered,The application period opens with the first qualifying declaration of the fiscal year and generally closes six months after that fiscal year ends,https://www.fema.gov/grants/mitigation/post-fire,"States, territories, and federally recognized Tribes affected by a qualifying Fire Management Assistance Grant declaration; local entities apply through them",Natural-hazard nexus required,"Road, culvert, drainage, and slope projects may fit when they reduce documented post-wildfire hazard risk."
RERC-FND-2026-NAT-STORM,Nationwide and U.S. territories,Disaster Resilience,Recurring,FEMA capitalization-grant cycles and local revolving-loan availability vary,https://www.fema.gov/grants/mitigation/storm-rlf,"States, eligible territories, the District of Columbia, and federally recognized Tribes establish revolving funds that make loans to local governments",Natural-hazard nexus required,Local projects must reduce natural-hazard and disaster risk under an approved loan-fund project list.
RERC-FND-2026-NAT-HSIP,Nationwide and U.S. territories,Roadway Safety,Ongoing formula program,Continuous state programming with state-specific calls where offered,https://highways.dot.gov/safety/hsip,State and territorial transportation agencies; local and Tribal projects generally enter through the applicable state or territorial process,Conditional,"Guardrails, barriers, end treatments, and related roadside work can qualify when crash or risk analysis supports a fatal- or serious-injury reduction benefit."
RERC-FND-2026-NAT-PROTECT,Nationwide and U.S. territories,Roadway Safety,Ongoing formula program,Continuous state transportation programming,https://www.fhwa.dot.gov/infrastructure-investment-and-jobs-act/protect_formula.cfm,"States, the District of Columbia, Puerto Rico, and eligible transportation partners through state programming",Conditional,"Supports transportation resilience planning and improvements for natural hazards, evacuation routes, and vulnerable infrastructure."
RERC-FND-2026-NAT-ER,Nationwide and U.S. territories,Roadway Safety,Disaster-triggered,Available after qualifying natural disasters or catastrophic failures and an approved request,https://www.fhwa.dot.gov/programadmin/erelief.cfm,State transportation departments and federal land-management agencies; local road agencies coordinate through the state,Conditional,Restores eligible Federal-aid and federal-lands highways after serious damage; resilience improvements must meet Emergency Relief rules.
RERC-FND-2026-NAT-THP,Nationwide and U.S. territories,Roadway Safety,Ongoing formula program,Continuous territorial transportation programming,https://www.fhwa.dot.gov/pgc/index.cfm?ddisc=84&dsub=969,"American Samoa, Guam, Northern Mariana Islands, and U.S. Virgin Islands transportation agencies",Conditional,Territories program eligible highway and safety projects; this is not a direct grant application for individuals.
RERC-FND-2026-HMA-ALABAMA,Alabama,Disaster Resilience,Program active; current cycle uncertain,Disaster-triggered or annual by program; confirm with AEMA,https://ema.alabama.gov/about/agency-divisions/,"Local governments, Tribes, and eligible nonprofits coordinate with the AEMA Hazard Mitigation Branch",Natural-hazard nexus required,The official overview is not a current NOFO; do not treat it as an open call. Transportation work must have a documented natural-hazard mitigation purpose.
RERC-FND-2026-HMA-ALASKA,Alaska,Disaster Resilience,No HMGP disaster intake open when checked,Disaster-triggered; monitor state notices,https://ready.alaska.gov/Mitigation/HMGP,"State, local, Tribal, Alaska Native village, and eligible nonprofit subapplicants submit through the state",Natural-hazard nexus required,An approved mitigation plan and state prioritization are required. Transportation work must have a documented natural-hazard mitigation purpose.
RERC-FND-2026-HMA-AMERICAN-SAMOA,American Samoa,Disaster Resilience,Disaster-triggered,Cycle depends on a qualifying declaration,https://odapm.as.gov/hazardmitigation,Territorial agencies and eligible local entities coordinate with ODAPM,Natural-hazard nexus required,The territorial page describes HMGP and the usual 75% federal share. Transportation work must have a documented natural-hazard mitigation purpose.
RERC-FND-2026-HMA-ARIZONA,Arizona,Disaster Resilience,Recurring and disaster-triggered,Program-specific state notices,https://dema.az.gov/emergency-management-landing-page/infrastructure-and-grant-administration/mitigation/mitigation_grant_programs,"State and local governments, special districts, and Tribes apply through Arizona DEMA",Natural-hazard nexus required,Ordinary road-safety work is not eligible without a natural-hazard mitigation purpose. Transportation work must have a documented natural-hazard mitigation purpose.
RERC-FND-2026-HMA-ARKANSAS,Arkansas,Disaster Resilience,Current cycle uncertain,Contact ADEM for a current state deadline,https://adem.arkansas.gov/hazard-mitigation-grants,Eligible local governments and other subapplicants apply through ADEM,Natural-hazard nexus required,"The state portal is authoritative, but a current public deadline was not verified. Transportation work must have a documented natural-hazard mitigation purpose."
RERC-FND-2026-HMA-CALIFORNIA,California,Disaster Resilience,Recurring and disaster-triggered,State notices of interest and subapplication deadlines vary,https://www.caloes.ca.gov/office-of-the-director/operations/recovery-directorate/hazard-mitigation/hm-grant-opportunities/hma-hmgp/,"Local and state agencies, Tribes, special districts, and eligible nonprofits submit through Cal OES",Natural-hazard nexus required,State selection and FEMA eligibility review apply. Transportation work must have a documented natural-hazard mitigation purpose.
RERC-FND-2026-HMA-COLORADO,Colorado,Disaster Resilience,Recurring and disaster-triggered,Program-specific state notices,https://dhsem.colorado.gov/grants,Eligible local governments and partners coordinate with Colorado DHSEM,Natural-hazard nexus required,The umbrella page lists mitigation grant programs but does not establish a current open deadline. Transportation work must have a documented natural-hazard mitigation purpose.
RERC-FND-2026-HMA-CONNECTICUT,Connecticut,Disaster Resilience,Portal accepts applications or letters of intent; cycle deadline not stated,Confirm the applicable cycle with DEMHS,https://portal.ct.gov/demhs/emergency-management/draft---recovery-and-hazard-mitigation-resilience-unit/disaster-recovery-and-hazard-mitigation-resilience-home/copy-of-hazard-mitigation-and-resiliency/copy-of-building-resilient-infrastructure-and-communities/copy-of-apply_bric,"State and local agencies, Tribes, and program-eligible nonprofits submit through DEMHS",Natural-hazard nexus required,Portal availability does not guarantee that every FEMA program has an open award cycle. Transportation work must have a documented natural-hazard mitigation purpose.
RERC-FND-2026-HMA-DELAWARE,Delaware,Disaster Resilience,Current cycle uncertain,No current deadline posted,https://www.dema.delaware.gov/recovery/,Government officials and eligible entities coordinate directly with DEMA,Natural-hazard nexus required,"The page is a program gateway, not a current NOFO. Transportation work must have a documented natural-hazard mitigation purpose."
RERC-FND-2026-HMA-DISTRICT-OF-COLUMBIA,District of Columbia,Disaster Resilience,FY2024/25 BRIC round closed,Future project-idea and federal deadlines will be posted by HSEMA,https://hsema.dc.gov/page/building-resilient-infrastructure-and-communities-program,"DC agency partners submit ideas to HSEMA, which applies to FEMA",Natural-hazard nexus required,Individuals and businesses cannot apply directly. Transportation work must have a documented natural-hazard mitigation purpose.
RERC-FND-2026-HMA-FLORIDA,Florida,Disaster Resilience,FY2026 notice-of-interest period closed,Closed 2026-08-14; future formal dates depend on FEMA and FDEM,https://www.floridadisaster.org/dem/mitigation/builing-resilient-infrastructure-and-communities-bric-grant-program/,"State agencies, Tribes, and local governments submit an NOI to FDEM before an invited FEMA GO subapplication",Natural-hazard nexus required,The state NOI deadline passed three days before this review. Transportation work must have a documented natural-hazard mitigation purpose.
RERC-FND-2026-HMA-GEORGIA,Georgia,Disaster Resilience,Rolling preapplications,Rolling; federal cycles still control award timing,https://gema.georgia.gov/bric,Public agencies submit a GEMA/HS preapplication and invited applications proceed in FEMA GO,Natural-hazard nexus required,A preapplication is not an award guarantee. Transportation work must have a documented natural-hazard mitigation purpose.
RERC-FND-2026-HMA-GUAM,Guam,Disaster Resilience,Disaster-triggered and recurring,Program-specific territorial notices,https://ghs.guam.gov/programs/hazard-mitigation-program,Government entities and eligible nonprofits coordinate through Guam HSOCD,Natural-hazard nexus required,Territorial prioritization and FEMA review apply. Transportation work must have a documented natural-hazard mitigation purpose.
RERC-FND-2026-HMA-HAWAII,Hawaii,Disaster Resilience,Recurring and disaster-triggered,Program-specific state notices,https://dod.hawaii.gov/hiema/hazard-mitigation/,State and county agencies and qualifying nonprofits coordinate through HI-EMA,Natural-hazard nexus required,The umbrella page does not establish a single standing deadline. Transportation work must have a documented natural-hazard mitigation purpose.
RERC-FND-2026-HMA-IDAHO,Idaho,Disaster Resilience,Disaster-triggered,State notices follow qualifying declarations,https://ioem.idaho.gov/grants/disaster-grants/hazard-mitigation-grant-program-hmgp/,"State and local governments, Tribes, and eligible nonprofits submit through IOEM",Natural-hazard nexus required,An approved mitigation plan and state selection are required. Transportation work must have a documented natural-hazard mitigation purpose.
RERC-FND-2026-HMA-KENTUCKY,Kentucky,Disaster Resilience,Program active; current cycle uncertain,Declaration-specific or annual by program,https://www.kyem.ky.gov/recover-and-mitigate/disaster-mitigation,Communities work with KYEM and the State Hazard Mitigation Officer,Natural-hazard nexus required,The page offers program support but is not a current NOFO. Transportation work must have a documented natural-hazard mitigation purpose.
RERC-FND-2026-HMA-LOUISIANA,Louisiana,Disaster Resilience,Program active; current cycle uncertain,Annual or declaration-specific,https://gohsep.la.gov/recovery/hazard-mitigation/,Eligible subapplicants submit through GOHSEP and use FEMA GO when directed,Natural-hazard nexus required,Historical notices must not be carried forward as current deadlines. Transportation work must have a documented natural-hazard mitigation purpose.
RERC-FND-2026-HMA-MAINE,Maine,Disaster Resilience,FY2024/25 state rounds closed,BRIC closed 2026-06-18; FMA closed 2026-07-06,https://www.maine.gov/mema/grants/mitigation-grants,"Communities, counties, Tribes, and eligible entities submit through MEMA and FEMA GO",Natural-hazard nexus required,Monitor MEMA for the next cycle. Transportation work must have a documented natural-hazard mitigation purpose.
RERC-FND-2026-HMA-MARYLAND,Maryland,Disaster Resilience,Program active; current deadline uncertain,Cycle- or disaster-specific,https://mdem.maryland.gov/community/Pages/LocalJurisdictionHazardMitigation.aspx,Local jurisdictions prepare applications with MDEM; households usually proceed through a locality,Natural-hazard nexus required,The page describes the route but not a current open deadline. Transportation work must have a documented natural-hazard mitigation purpose.
RERC-FND-2026-HMA-MASSACHUSETTS,Massachusetts,Disaster Resilience,FY2024/25 BRIC round closed; rolling statements of interest accepted,BRIC closed 2026-06-08; statements of interest are rolling,https://www.mass.gov/hazard-mitigation-assistance-hma-grant-programs,"Eligible municipalities, state agencies, and other subapplicants file a MEMA Statement of Interest",Natural-hazard nexus required,"A rolling statement of interest is an eligibility screen, not an open award cycle. Transportation work must have a documented natural-hazard mitigation purpose."
RERC-FND-2026-HMA-MISSISSIPPI,Mississippi,Disaster Resilience,FY2024/25 BRIC round closed,Closed 2026-06-12,https://msema.org/about/about-mema/mitigation/grant-funding/building-resilient-infrastructure-and-communities,"Local governments, Tribes, and eligible entities submit through MEMA",Natural-hazard nexus required,Local entities do not apply directly to FEMA. Transportation work must have a documented natural-hazard mitigation purpose.
RERC-FND-2026-HMA-MONTANA,Montana,Disaster Resilience,Disaster-triggered,State schedule generally follows a declaration,https://des.mt.gov/Grant-Programs/HMGP,"State, local, Tribal, and eligible nonprofit subapplicants submit through Montana DES",Natural-hazard nexus required,The normal federal share is 75% with a 25% nonfederal share. Transportation work must have a documented natural-hazard mitigation purpose.
RERC-FND-2026-HMA-NEVADA,Nevada,Disaster Resilience,Recurring and disaster-triggered,Program-specific state notices,https://www.oem.nv.gov/grants-management/recovery-and-mitigation-grants/,"Eligible state, local, Tribal, and nonprofit subapplicants coordinate through Nevada DEM",Natural-hazard nexus required,Annual and disaster-triggered programs have separate cycles. Transportation work must have a documented natural-hazard mitigation purpose.
RERC-FND-2026-HMA-NEW-HAMPSHIRE,New Hampshire,Disaster Resilience,Current cycle uncertain,No verified current deadline,https://www.dos.nh.gov/divisions/homeland-security-and-emergency-management,Municipalities and eligible governmental entities submit a letter of intent to HSEM,Natural-hazard nexus required,The official agency surface confirms administration but not a current cycle. Transportation work must have a documented natural-hazard mitigation purpose.
RERC-FND-2026-HMA-NEW-JERSEY,New Jersey,Disaster Resilience,Official page is stale,No verified 2026 deadline,https://www.nj.gov/njoem/mitigation/index.shtml,Local governments and eligible subapplicants coordinate through NJOEM and applicable grant systems,Natural-hazard nexus required,Do not infer current availability from the page's older deadlines. Transportation work must have a documented natural-hazard mitigation purpose.
RERC-FND-2026-HMA-NEW-MEXICO,New Mexico,Disaster Resilience,Disaster-triggered,State notices follow qualifying declarations,https://www.dhsem.nm.gov/recovery/hazard-mitigation-grant-program-hmgp/,"Local, municipal, Tribal, state, quasi-governmental, and eligible nonprofit applicants submit through DHSEM",Natural-hazard nexus required,Projects must meet state and FEMA eligibility requirements. Transportation work must have a documented natural-hazard mitigation purpose.
RERC-FND-2026-HMA-NEW-YORK,New York,Disaster Resilience,Current opportunities page is incomplete or stale,No reliable general 2026 deadline posted,https://www.dhses.ny.gov/current-hazard-mitigation-funding-opportunities,Eligible governmental and Tribal subapplicants work through DHSES,Natural-hazard nexus required,Contact DHSES before relying on availability. Transportation work must have a documented natural-hazard mitigation purpose.
RERC-FND-2026-HMA-NORTH-CAROLINA,North Carolina,Disaster Resilience,FY2024/25 BRIC round closed,LOI closed 2026-06-12; subapplication closed 2026-07-10,https://www.ncdps.gov/our-organization/emergency-management/hazard-mitigation/non-disaster-grants/notice-funding-availability-bric-fy24-25,Local governments and Tribal Nations submit through NC Emergency Management,Natural-hazard nexus required,The state round is closed. Transportation work must have a documented natural-hazard mitigation purpose.
RERC-FND-2026-HMA-NORTHERN-MARIANA-ISLANDS,Northern Mariana Islands,Disaster Resilience,Disaster-triggered and active program administration,Declaration- and program-specific,https://opd.gov.mp/library/agency/hazard-mitigation-grant-program.html,CNMI agencies and eligible subapplicants coordinate through the territorial HMGP office,Natural-hazard nexus required,"The official library and FY2025 reporting establish program administration, not a standing open call. Transportation work must have a documented natural-hazard mitigation purpose."
RERC-FND-2026-HMA-OKLAHOMA,Oklahoma,Disaster Resilience,HMGP and FMA rounds closed,HMGP: no open opportunities; FMA closed 2026-07-24,https://oklahoma.gov/oem/programs-and-services/mitigation.html,Local governments and Tribal Nations submit through OEM,Natural-hazard nexus required,Portal registration is not an open funding call. Transportation work must have a documented natural-hazard mitigation purpose.
RERC-FND-2026-HMA-OREGON,Oregon,Disaster Resilience,FY2024 FMA preapplication round closed,Preapplications closed 2026-06-12,https://www.oregon.gov/oem/emresources/grants/pages/hma.aspx,"Local governments, special districts, and Tribal governments submit through Oregon OEM",Natural-hazard nexus required,Approved mitigation-plan requirements apply. Transportation work must have a documented natural-hazard mitigation purpose.
RERC-FND-2026-HMA-PENNSYLVANIA,Pennsylvania,Disaster Resilience,FY2024/25 BRIC round closed,LOI closed 2026-04-24; state application closed 2026-06-19,https://www.pa.gov/services/pema/resilient-infrastructure-grant,Local governments and eligible organizations submit through PEMA,Natural-hazard nexus required,Year-round idea intake is not an open award cycle. Transportation work must have a documented natural-hazard mitigation purpose.
RERC-FND-2026-HMA-PUERTO-RICO,Puerto Rico,Disaster Resilience,Active match support for eligible HMGP projects,Disaster- and project-specific,https://recuperacion.pr.gov/en/hazard-mitigation-grant-program/,"Municipalities, Puerto Rico agencies, and eligible community or nonprofit partners coordinate through Puerto Rico's recovery programs",Natural-hazard nexus required,CDBG-MIT may provide the nonfederal share for eligible HMGP projects. Transportation work must have a documented natural-hazard mitigation purpose.
RERC-FND-2026-HMA-RHODE-ISLAND,Rhode Island,Disaster Resilience,FY2024/25 BRIC round closed,Project notice closed 2026-06-01; FEMA GO subapplication closed 2026-06-15,https://riema.ri.gov/planning-branch/hazard-mitigation/building-resilient-infrastructure-and-communities-bric-grant,Municipalities and eligible subapplicants submit through RIEMA,Natural-hazard nexus required,"The official page includes hazard-resilient road, bridge, and evacuation-route work. Transportation work must have a documented natural-hazard mitigation purpose."
RERC-FND-2026-HMA-SOUTH-CAROLINA,South Carolina,Disaster Resilience,Disaster-specific opportunities; current closing dates uncertain,Declaration-specific,https://www.scemd.org/recover/mitigation/,"State and local governments, Tribes, and eligible nonprofits submit through SCEMD",Natural-hazard nexus required,Do not infer that every listed disaster intake remains open. Transportation work must have a documented natural-hazard mitigation purpose.
RERC-FND-2026-HMA-TENNESSEE,Tennessee,Disaster Resilience,Program active; current deadline uncertain,Annual or declaration-specific,https://www.tn.gov/tema/emergency-community/mitigation/mitigation-grant-programs.html,Eligible subapplicants use the state preapplication or State Hazard Mitigation Office route,Natural-hazard nexus required,The umbrella page does not publish a 2026 deadline. Transportation work must have a documented natural-hazard mitigation purpose.
RERC-FND-2026-HMA-TEXAS,Texas,Disaster Resilience,Opportunity-specific; FY2024 FMA closed,FMA closed 2026-06-25; other deadlines vary,https://www.tdem.texas.gov/mitigation/hazard-mitigation-section,Local jurisdictions work through TDEM; FMA is administered through TWDB,Natural-hazard nexus required,There is no standing direct-grant window. Transportation work must have a documented natural-hazard mitigation purpose.
RERC-FND-2026-HMA-US-VIRGIN-ISLANDS,U.S. Virgin Islands,Disaster Resilience,Program administration active; current cycle uncertain,Disaster- and program-specific,https://vitema.vi.gov/about-us/divisions/,Territorial agencies and eligible subapplicants coordinate with VITEMA Grants Management,Natural-hazard nexus required,The current agency page confirms grant administration but not an open HMGP deadline. Transportation work must have a documented natural-hazard mitigation purpose.
RERC-FND-2026-HMA-UTAH,Utah,Disaster Resilience,Disaster-triggered and recurring,Program-specific state notices,https://hazards.utah.gov/services/,"State and local governments, Tribes, and eligible nonprofits coordinate through Utah DEM",Natural-hazard nexus required,Utah administers FEMA HMA but does not provide a standing state mitigation fund. Transportation work must have a documented natural-hazard mitigation purpose.
RERC-FND-2026-HMA-VERMONT,Vermont,Disaster Resilience,Official page may be stale; future ideas accepted,No verified current award deadline,https://vem.vermont.gov/funding/mitigation,"Municipalities, state agencies, regional planning commissions, and eligible public entities submit a VEM preapplication",Natural-hazard nexus required,Confirm current federal program status with VEM. Transportation work must have a documented natural-hazard mitigation purpose.
RERC-FND-2026-HMA-VIRGINIA,Virginia,Disaster Resilience,Open-opportunities page lists HMGP and FMA; deadline not shown,Confirm deadline with VDEM,https://vdem.virginia.gov/divisions/finance/grants/hazard-mitigation-assistance-grant-programs/,"Cities, counties, towns, planning districts, state agencies, and Tribal governments apply through VDEM",Natural-hazard nexus required,The official page supports availability but omits the closing date. Transportation work must have a documented natural-hazard mitigation purpose.
RERC-FND-2026-HMA-WEST-VIRGINIA,West Virginia,Disaster Resilience,Current cycle uncertain,No current deadline posted,https://emd.wv.gov/,Local jurisdictions coordinate with WVEMD Recovery Grants,Natural-hazard nexus required,Do not assume a current competitive cycle or state match without confirmation. Transportation work must have a documented natural-hazard mitigation purpose.
RERC-FND-2026-HMA-WYOMING,Wyoming,Disaster Resilience,Most recent extension closed; notices of interest accepted,Extension closed 2026-06-23; future ideas may be submitted,https://hls.wyo.gov/grants/hma,"Eligible state, local, Tribal, and nonprofit subapplicants coordinate through Wyoming HLS",Natural-hazard nexus required,A notice of interest does not guarantee an open award cycle. Transportation work must have a documented natural-hazard mitigation purpose.
RERC-FND-2026-HSIP-ALABAMA,Alabama,Roadway Safety,Active; application materials published,Deadline not stated,https://www.dot.state.al.us/programs/HSIP.html,Counties and cities use ALDOT's HSIP application and safety portal,Conditional,Guardrail must respond to a qualifying safety problem supported by analysis. Guardrail fit: Yes - conditional.
RERC-FND-2026-HSIP-ALASKA,Alaska,Roadway Safety,Ongoing state program,Continuous programming,https://dot.alaska.gov/stwddes/dcstraffic/hsip.shtml,DOT regions identify and program data-driven safety projects,Conditional,Alaska DOT also publishes a Central Region guardrail inventory and upgrade program. Guardrail fit: Yes.
RERC-FND-2026-HSIP-ARIZONA,Arizona,Roadway Safety,Ongoing state program,Continuous programming,https://azdot.gov/planning/traffic-safety/strategic-highway-safety-plan,State and local partners coordinate through ADOT safety planning,Conditional,The state plan includes guardrail and cable-barrier countermeasures. Guardrail fit: Yes - conditional.
RERC-FND-2026-HSIP-ARKANSAS,Arkansas,Roadway Safety,Current local HSIP intake uncertain,No verified current deadline,https://ardot.gov/divisions/local-programs/,Local agencies should confirm the HSIP route with ARDOT Local Programs,Conditional,An official federal report documented guardrail work but not a current local call. Guardrail fit: Conditional.
RERC-FND-2026-HSIP-CALIFORNIA,California,Roadway Safety,Cycle 13 open,Due 2026-11-02,https://dot.ca.gov/programs/local-assistance/fed-and-state-programs/highway-safety-improvement-program/apply-now,Eligible local agencies apply through Caltrans Local Assistance; an LRSP is required,Conditional,Projects must meet the active call's safety and eligibility criteria. Guardrail fit: Yes - conditional.
RERC-FND-2026-HSIP-COLORADO,Colorado,Roadway Safety,FY2029 review complete; next cycle upcoming,FY2030 local-agency cycle expected to begin in December 2026,https://www.codot.gov/safety/traffic-safety/data-analysis/hsip,Eligible local and Tribal public-road agencies submit under CDOT's call,Conditional,The current program page covers all public roads and announces the next local-agency cycle. Guardrail fit: Yes - conditional.
RERC-FND-2026-HSIP-CONNECTICUT,Connecticut,Roadway Safety,Active FFY2026 program,Continuous programming; no statewide call located,https://portal.ct.gov/dot/traffic-engineering/traffic-and-safety-engineering,Municipalities coordinate with CTDOT Safety Engineering and may request a road-safety audit,Conditional,CTDOT selects projects on state and local public roads. Guardrail fit: Yes - conditional.
RERC-FND-2026-HSIP-DELAWARE,Delaware,Roadway Safety,Active annual identification program,Annual internal programming,https://projectdevelopmentmanualtest.deldot.gov/index.php/Chapter_2_-_Project_Origination_and_Planning,DelDOT Traffic Engineering screens and programs projects,Conditional,The official manual expressly lists guardrail installation or enhancement. Guardrail fit: Yes.
RERC-FND-2026-HSIP-DISTRICT-OF-COLUMBIA,District of Columbia,Roadway Safety,Active internal capital program,Continuous internal programming,https://ddot.dc.gov/page/traffic-safety-ddot,DDOT identifies and programs projects; public safety reports are not grant applications,Conditional,No direct external infrastructure-grant path was found. Guardrail fit: Yes - conditional.
RERC-FND-2026-HSIP-FLORIDA,Florida,Roadway Safety,Active through Florida GAP,District and program cycles vary,https://www.fdot.gov/fpo/lp/flgap/home,Eligible local agencies register and apply through Florida GAP,Conditional,Guardrail needs crash or risk support and district coordination. Guardrail fit: Yes - conditional.
RERC-FND-2026-HSIP-GEORGIA,Georgia,Roadway Safety,Ongoing subject to annual availability,Timing varies,https://www.dot.ga.gov/PartnerSmart/Public/Documents/LocalGovernmentManual.pdf,Local governments coordinate with GDOT district Off-System Coordinators,Conditional,GDOT invests HSIP funds on local roads through state-local agreements. Guardrail fit: Yes - conditional.
RERC-FND-2026-HSIP-HAWAII,Hawaii,Roadway Safety,Ongoing state program,Continuous STIP programming,https://hidot.hawaii.gov/highways/shsp/,HDOT programs safety improvements on public roads,Conditional,"Guardrail projects appear in state programming, but no direct local grant call was found. Guardrail fit: Yes - conditional."
RERC-FND-2026-HSIP-IDAHO,Idaho,Roadway Safety,Ongoing state and local programming,Continuous ITIP programming,https://apps.itd.idaho.gov/Apps/Fund/itip2024/FY24-ITIP.pdf,Local agencies coordinate through ITD and Local Highway Technical Assistance Council,Conditional,Official programming includes local HSIP and guardrail projects. Guardrail fit: Yes.
RERC-FND-2026-HSIP-KENTUCKY,Kentucky,Roadway Safety,Ongoing state program,Continuous programming,https://transportation.ky.gov/TrafficOperations/Pages/Highway-Safety-Improvement-Program.aspx,Local agencies coordinate with KYTC districts and Traffic Operations,Conditional,Roadway departure is an explicit HSIP investment category. Guardrail fit: Yes - conditional.
RERC-FND-2026-HSIP-LOUISIANA,Louisiana,Roadway Safety,Active program,Ongoing as funding becomes available,https://dotd.la.gov/about/office-of-project-delivery/planning/highway-safety/highway-safety-improvement-program/,Local agencies initiate proposals through DOTD districts or Regional Safety Coalitions,Conditional,Lane departure is an explicit emphasis area. Guardrail fit: Yes - conditional.
RERC-FND-2026-HSIP-MAINE,Maine,Roadway Safety,Ongoing through STIP,Project-specific availability,https://www.maine.gov/dot/sites/maine.gov.dot/files/inline-files/2024-2027%20Statewide%20Transportation%20Improvement%20Program.pdf,Projects are programmed through MaineDOT and regional or local transportation processes,Conditional,The official STIP includes obsolete cable guardrail replacement with HSIP funds. Guardrail fit: Yes.
RERC-FND-2026-HSIP-MARYLAND,Maryland,Roadway Safety,Active local fund program; current solicitation date uncertain,Historically annual; confirm current date,https://roads.maryland.gov/mdotsha/pages/pressreleasedetails.aspx?PageId=818&newsId=4157,Counties with a Local Road Safety Plan submit systemic projects to MDOT SHA,Conditional,"The located state notice is older, so current timing requires confirmation. Guardrail fit: Yes - conditional."
RERC-FND-2026-HSIP-MASSACHUSETTS,Massachusetts,Roadway Safety,Active and programmed,Continuous TIP and STIP programming,https://www.mass.gov/info-details/highway-safety-improvement-program,Municipal projects advance through MPO prioritization and MassDOT safety review,Conditional,Routine replacement alone may not meet HSIP's data-driven criteria. Guardrail fit: Yes - conditional.
RERC-FND-2026-HSIP-MISSISSIPPI,Mississippi,Roadway Safety,Current application path uncertain,No verified current deadline,https://mdot.ms.gov/documents/Planning/Manuals/LTAP/Highway%20Safety%20Improvement%20Program.pdf,Local agencies should confirm the current route with MDOT Planning or Traffic Engineering,Conditional,The official manual is older and does not prove a current local call. Guardrail fit: Conditional.
RERC-FND-2026-HSIP-MONTANA,Montana,Roadway Safety,Ongoing state and local program,Continuous programming,https://www.mdt.mt.gov/pubinvolve/us191/docs/US191-Appendix5-Funding.pdf,Local road agencies coordinate applications with MDT,Conditional,Official guidance identifies HSIP on any public road and includes guardrail. Guardrail fit: Yes.
RERC-FND-2026-HSIP-NEVADA,Nevada,Roadway Safety,2025 local cycle closed,Monitor for the next cycle,https://www.dot.nv.gov/safety/traffic-safety-engineering/highways-safety-improvement-program-hsip/hsip-local-infrastructure-safety-program,"Local governments, counties, Tribes, and planning agencies use the state local-safety process",Conditional,The official page expressly includes guardrails and barriers. Guardrail fit: Yes.
RERC-FND-2026-HSIP-NEW-HAMPSHIRE,New Hampshire,Roadway Safety,Ongoing; current schedule uncertain,Road-safety-audit requests may be accepted outside a formal call; confirm with NHDOT,https://www.dot.nh.gov/about-nh-dot/divisions-bureaus-districts/highway-design/safety-section/highway-safety-improvement,Local agencies coordinate with NHDOT Safety and regional planning commissions,Conditional,The page was access-restricted during review; direct availability needs confirmation. Guardrail fit: Yes - conditional.
RERC-FND-2026-HSIP-NEW-JERSEY,New Jersey,Roadway Safety,Active annual program,Dates vary by MPO,https://nj.gov/transportation/about/safety/hsip.shtm,Counties and municipalities submit candidate projects through their MPO,Conditional,The official program provides a direct local-government pathway. Guardrail fit: Yes - conditional.
RERC-FND-2026-HSIP-NEW-MEXICO,New Mexico,Roadway Safety,Ongoing state program,Continuous programming,https://www.dot.nm.gov/target-zero/,Local partners coordinate safety projects through NMDOT and regional planning channels,Conditional,The public page does not provide a direct local application deadline. Guardrail fit: Yes - conditional.
RERC-FND-2026-HSIP-NEW-YORK,New York,Roadway Safety,Active state-administered program,Continuous TIP and STIP programming,https://www.dot.ny.gov/divisions/operating/osss/highway-repository/RedBook.pdf,Local sponsors coordinate with NYSDOT regions and MPOs,Conditional,The official Red Book discusses guardrail and appropriate funding use. Guardrail fit: Yes.
RERC-FND-2026-HSIP-NORTH-CAROLINA,North Carolina,Roadway Safety,Ongoing data-driven program,Continuous; no direct local grant deadline located,https://www.ncdot.gov/initiatives-policies/safety/traffic-safety/Pages/identifying-areas-improvements.aspx,Local agencies submit safety concerns and coordinate with NCDOT divisions,Conditional,Engineering review must support a fatal- or serious-injury reduction benefit. Guardrail fit: Yes - conditional.
RERC-FND-2026-HSIP-OKLAHOMA,Oklahoma,Roadway Safety,Current public application path uncertain,No verified current deadline,https://oklahoma.gov/odot/programs-and-projects/programs/transportation-programs/shsp.html,Projects enter through ODOT and MPO planning channels,Conditional,The official safety plan is not an application page. Guardrail fit: Conditional.
RERC-FND-2026-HSIP-OREGON,Oregon,Roadway Safety,Active All Roads Transportation Safety program,Program cycles and state programming vary,https://www.oregon.gov/odot/Engineering/Pages/Highway-Safety.aspx,State and local public-road projects enter through ODOT's all-roads safety process,Conditional,Guardrail must be supported by crash or risk analysis. Guardrail fit: Yes - conditional.
RERC-FND-2026-HSIP-PENNSYLVANIA,Pennsylvania,Roadway Safety,Active; approximately $132 million annually,Annual and continuous regional programming,https://www.pa.gov/agencies/penndot/about-penndot/strategic-planning-and-operations/safety-infrastructure-improvement-programs,Projects originate through PennDOT districts and MPO/RPO planning partners,Conditional,PennDOT specifically funds cable median barriers and other roadway-departure countermeasures. Guardrail fit: Yes.
RERC-FND-2026-HSIP-PUERTO-RICO,Puerto Rico,Roadway Safety,Ongoing federally aided safety programming,Continuous STIP programming,https://act.dtop.pr.gov/oficinas/ingenieria-de-transito/plan-estrategico-de-seguridad-vial,PRHTA programs islandwide safety projects through the STIP,Conditional,"This is state-programmed funding, not a direct public grant. Guardrail fit: Yes - conditional."
RERC-FND-2026-HSIP-RHODE-ISLAND,Rhode Island,Roadway Safety,Active state program,Ongoing programming,https://www.dot.ri.gov/safety/reports/docs/Highway_Safety_Improvement_Program.pdf,RIDOT identifies and programs projects; local governments coordinate with the Office of Safety,Conditional,The current report expressly lists guardrail among safety countermeasures. Guardrail fit: Yes.
RERC-FND-2026-HSIP-SOUTH-CAROLINA,South Carolina,Roadway Safety,Active state program; current local intake uncertain,No verified current local deadline,https://www.scdot.org/content/dam/scdot-legacy/business/pdf/roadway/2017_SCDOT_Roadway_Design_Manual.pdf,Projects are developed through SCDOT Traffic Engineering,Conditional,"The official manual includes obsolete guardrail and bridge-rail work, but the application route is uncertain. Guardrail fit: Yes."
RERC-FND-2026-HSIP-TENNESSEE,Tennessee,Roadway Safety,Program available to local governments,Current solicitation timing not stated,https://www.tn.gov/content/dam/tn/tdot/programdevelopment/LGG_Manual.pdf,Local governments coordinate through TDOT Local Programs and planning channels,Conditional,TDOT guidance says qualifying guardrail installation may receive 100% federal funding. Guardrail fit: Yes.
RERC-FND-2026-HSIP-TEXAS,Texas,Roadway Safety,2026 call complete,2027 call planned but not issued,https://www.txdot.gov/about/programs/highway-safety-engineering.html,"TxDOT districts, MPOs, and local governments submit during the annual call",Conditional,"TxDOT identifies barriers, fixed-object treatment, and off-system improvements as uses. Guardrail fit: Yes."
RERC-FND-2026-HSIP-UTAH,Utah,Roadway Safety,Active all-public-roads program,Continuous programming,https://connect.udot.utah.gov/docs/highway-safety-improvement-program-manual/,Local and Tribal road agencies coordinate through UDOT's HSIP process,Conditional,UDOT materials include barrier and guardrail safety work. Guardrail fit: Yes.
RERC-FND-2026-HSIP-VERMONT,Vermont,Roadway Safety,Ongoing state program,Continuous programming,https://vtrans.vermont.gov/highway,Municipalities coordinate through VTrans Municipal Assistance and safety staff,Conditional,Official materials support all-public-road safety work but do not show a direct open call. Guardrail fit: Yes - conditional.
RERC-FND-2026-HSIP-VIRGINIA,Virginia,Roadway Safety,2026 fall intake suspended,No 2026 applications accepted,https://www.vdot.virginia.gov/doing-business/technical-guidance-and-support/traffic-operations/vhsip/,Localities normally submit through the SMART Portal during the annual intake,Conditional,The 2026 intake is closed by policy. Guardrail fit: Yes - conditional.
RERC-FND-2026-HSIP-WASHINGTON,Washington,Roadway Safety,County and city cycles closed,City cycle closed 2026-03-06; monitor future calls,https://wsdot.wa.gov/business-wsdot/support-local-programs/funding-programs/highway-safety-improvement-program,Eligible counties and cities use WSDOT Local Programs calls,Conditional,WSDOT programs guardrail work when safety criteria are met. Guardrail fit: Yes.
RERC-FND-2026-HSIP-WEST-VIRGINIA,West Virginia,Roadway Safety,Active state-managed program,Continuous internal programming,https://transportation.wv.gov/traffic-engineering-division,WVDOT districts identify projects through crash and risk data,Conditional,The official STIP includes districtwide HSIP guardrail upgrades. Guardrail fit: Yes.
RERC-FND-2026-HSIP-WYOMING,Wyoming,Roadway Safety,Active FY2026 program,Continuous state programming,https://www.dot.state.wy.us/home/dot_safety/safety-management-system.html,WYDOT programs projects through its HSIP implementation plan,Conditional,The FY2026 plan expressly includes guardrail upgrades. Guardrail fit: Yes.
RERC-FND-2026-HMA-OHIO,Ohio,Disaster Resilience,Official preapplication is stale,No verified 2026 deadline,https://dam.assets.ohio.gov/image/upload/ema.ohio.gov/mip/links/HMA-Pre-Application.pdf,Governmental subapplicants submit an Ohio EMA preapplication; selected projects advance to FEMA,Natural-hazard nexus required,"Requires technical feasibility, benefit-cost support, engineering evidence, and an identified local match. Transportation work must have a documented natural-hazard mitigation purpose."
RERC-FND-2026-HSIP-OHIO,Ohio,Roadway Safety,Recurring cycle,Next published deadline 2026-08-31; district coordination is requested six to eight weeks earlier,https://dam.assets.ohio.gov/image/upload/transportation.ohio.gov/local-programs/ODOT-Pocket-Resource-Guide-Fall-2025-11-4-25-Web.pdf,Local governments and public-road sponsors coordinate through an ODOT District Safety Review Team,Conditional,Any public road may qualify; qualifying guardrail construction may receive a 100% federal share. Guardrail fit: Yes.
RERC-FND-2026-HMA-MICHIGAN,Michigan,Disaster Resilience,FY2025 BRIC round closed,NOI closed 2026-04-29; state application closed 2026-07-08; federal deadline was 2026-07-23,https://www.michigan.gov/msp/-/media/Project/Websites/msp/EMHSD/grants2/Informational-Bulletin---26-01-HMA-BRIC-FY25-Requests-for-NOIs.pdf,"State agencies, Tribal Nations, and local governments submitted notices of intent and invited applications through FEMA GO",Natural-hazard nexus required,"Projects required an approved mitigation plan, measurable natural-hazard risk reduction, and cost effectiveness. Transportation work must have a documented natural-hazard mitigation purpose."
RERC-FND-2026-HSIP-MICHIGAN,Michigan,Roadway Safety,FY2028 solicitation closed,Annual; exact deadline is not displayed on the current landing page,https://www.michigan.gov/mdot/business/local-government/local-agency-program/special-funding-program,Local road agencies apply through MDOT Local Agency Programs,Conditional,The current eligibility materials address guardrail standards for local public-road projects. Guardrail fit: Yes.
RERC-FND-2026-HMA-INDIANA,Indiana,Disaster Resilience,BRIC and HMGP rounds closed or disaster-dependent,Next deadline not posted,https://www.in.gov/dhs/emergency-management-and-preparedness/mitigation-and-recovery/,Communities submit an IDHS preapplication; approved subapplicants develop FEMA GO applications,Natural-hazard nexus required,The community must participate in an approved county mitigation plan and address documented natural-hazard risk. Transportation work must have a documented natural-hazard mitigation purpose.
RERC-FND-2026-HSIP-INDIANA,Indiana,Roadway Safety,Standing program; current NOFA date not displayed,Controlled by the current INDOT NOFA,https://www.in.gov/indot/doing-business-with-indot/local-public-agency-programs/federal-grant-opportunities/,Local public agencies apply through INDOT's NOFA process and coordinate with an MPO where applicable,Conditional,"INDOT guidance expressly lists new guardrails, barriers, and crash attenuators. Guardrail fit: Yes."
RERC-FND-2026-HMA-ILLINOIS,Illinois,Disaster Resilience,Official portal appears stale,HMGP is disaster-dependent; no current BRIC or FMA deadline verified,https://iemaohs.illinois.gov/recovery/mitigation/mitigationprograms.html,State and local governments and eligible private nonprofits apply through IEMA-OHS,Natural-hazard nexus required,Do not treat older cycle material as a current open call. Transportation work must have a documented natural-hazard mitigation purpose.
RERC-FND-2026-HSIP-ILLINOIS,Illinois,Roadway Safety,FY2028 solicitation closed,Closed 2026-08-14,https://idot.illinois.gov/programs-and-projects/safety-programs/highway-safety/highway-safety-improvement-program.html,"Counties, municipalities, townships, and other local public agencies submit through IDOT",Conditional,Applications require crash data and benefit-cost support; systematic local guardrail projects have been funded. Guardrail fit: Yes.
RERC-FND-2026-HMA-WISCONSIN,Wisconsin,Disaster Resilience,No current HMA opportunity posted,HMGP remains disaster-dependent; monitor WEM,https://wem.wi.gov/tag/mitigation-grants/,State and local governments and Tribal Nations submit through WEM,Natural-hazard nexus required,"Approved-plan, benefit-cost, and environmental requirements apply. Transportation work must have a documented natural-hazard mitigation purpose."
RERC-FND-2026-HSIP-WISCONSIN,Wisconsin,Roadway Safety,August 2026 cycle closed,Standard cycle closed 2026-08-15; mid-cycle deadline was 2026-02-15,https://wisconsindot.gov/pages/doing-bus/local-gov/astnce-pgms/highway/hsip.aspx,Local public agencies and regional safety partners submit to a WisDOT regional coordinator,Conditional,"All public roads are eligible, but projects must respond to documented crash or systemic risk. Guardrail fit: Conditional."
RERC-FND-2026-HMA-MINNESOTA,Minnesota,Disaster Resilience,Standing notice-of-interest intake,Exact current award-cycle deadline not shown,https://dps.mn.gov/divisions/hsem/programs/hazard-mitigation/current-funding-opportunities,Subapplicants register in EM Grants Pro and submit a program-specific notice of interest,Natural-hazard nexus required,A notice of interest is not an application or funding guarantee. Transportation work must have a documented natural-hazard mitigation purpose.
RERC-FND-2026-HSIP-MINNESOTA,Minnesota,Roadway Safety,2027-2030 solicitation closed,Closed 2025-11-26; no newer solicitation posted,https://www.dot.state.mn.us/stateaid/trafficsafety.html,City and county transportation agencies apply through MnDOT; MPO support is required within MPO boundaries,Conditional,Guardrail may fit documented roadway-departure risk but is not automatically eligible. Guardrail fit: Conditional.
RERC-FND-2026-HMA-IOWA,Iowa,Disaster Resilience,Standing notice-of-interest portal,Annual and disaster-specific; current deadline uncertain,https://homelandsecurity.iowa.gov/grants/hazard-mitigation-assistance-hma-grant-programs,Local jurisdictions submit through EMGrantsPro and may be invited to complete an application,Natural-hazard nexus required,HSEM selects and prioritizes local subapplications. Transportation work must have a documented natural-hazard mitigation purpose.
RERC-FND-2026-HSIP-IOWA,Iowa,Roadway Safety,Annual rule posted; future authorization should be confirmed,Normally November 15; confirm FY2028 continuation,https://iowadot.gov/consultants-contractors/traffic-safety/traffic-safety-resource-guide/local-highway-safety-improvement-program-hsip-local,Cities and counties submit an HSIP-Local application; joint regional projects are allowed,Conditional,Guardrail is expressly listed as a common systemic project. Guardrail fit: Yes.
RERC-FND-2026-HMA-MISSOURI,Missouri,Disaster Resilience,Standing notice-of-interest process,FMA notices may be accepted anytime and retained for two years; federal cycles still control,https://sema.dps.mo.gov/programs/mitigation_management.php,Eligible public entities submit an NOI to SEMA; selected applicants develop FEMA GO applications,Natural-hazard nexus required,A notice of interest is not an award guarantee. Transportation work must have a documented natural-hazard mitigation purpose.
RERC-FND-2026-HSIP-MISSOURI,Missouri,Roadway Safety,Annual district programming,Typical identification occurs in summer and fall; no direct statewide call found,https://epg.modot.org/index.php?title=907.1_Safety_Program_Guidelines,Local owners work through MoDOT districts and regional planning partners,Conditional,Local-road safety benefits must compare favorably with other project alternatives. Guardrail fit: Conditional.
RERC-FND-2026-HMA-NORTH-DAKOTA,North Dakota,Disaster Resilience,Disaster-triggered; no open cycle stated,The state sets declaration-specific deadlines,https://www.des.nd.gov/recovery-mitigation/faq-hazard-mitigation,"State, local, and Tribal governments coordinate through NDDES",Natural-hazard nexus required,"The current official FAQ confirms HMGP eligibility, the local-government application route, and declaration-specific timing. Transportation work must have a documented natural-hazard mitigation purpose."
RERC-FND-2026-HSIP-NORTH-DAKOTA,North Dakota,Roadway Safety,Annual solicitation,Application form revised 2026-04-15; exact closing date not found,https://www.dot.nd.gov/construction-and-planning/grant-and-funding-programs/state-funding-programs-0,"Counties, cities, and Tribal governments respond to the annual NDDOT solicitation",Conditional,The current page confirms applicants and an annual process; guardrail eligibility remains project-specific. Guardrail fit: Conditional.
RERC-FND-2026-HMA-SOUTH-DAKOTA,South Dakota,Disaster Resilience,HMGP disaster-dependent and FMA annual,FMA is typically due near the beginning of December; confirm the current HMA guide,https://www.sd.gov/cs?id=kb_article_view&sys_kb_id=6bf29f251b82aa50df4edb1de54bcb14,"State, local, and Tribal governments and eligible nonprofits develop applications with SD OEM",Natural-hazard nexus required,Individuals and businesses do not apply directly. Transportation work must have a documented natural-hazard mitigation purpose.
RERC-FND-2026-HSIP-SOUTH-DAKOTA,South Dakota,Roadway Safety,Ongoing project-identification program,No fixed application deadline identified,https://dot.sd.gov/transportation/highways/highway-safety,"SDDOT works with cities, counties, Tribes, and other local entities to identify projects",Conditional,The page does not present an open competitive grant application. Guardrail fit: Conditional.
RERC-FND-2026-HMA-NEBRASKA,Nebraska,Disaster Resilience,FY2024/25 BRIC round closed despite stale open label,NOI closed 2026-05-01; federal deadline was 2026-07-23,https://nema.nebraska.gov/hazard-mitigation-assistance-grants.php,"State, local, and Tribal governments submit a NEMA HMA notice of intent",Natural-hazard nexus required,Treat the page's open label as stale as of 2026-08-17. Transportation work must have a documented natural-hazard mitigation purpose.
RERC-FND-2026-HSIP-NEBRASKA,Nebraska,Roadway Safety,Annual cycle closed,January 31 annually,https://dot.nebraska.gov/business-center/local-public-assistance/projects/programs/hsip/,Local public agencies email an application package to NDOT Local Assistance and Highway Safety,Conditional,Nebraska has used HSIP for local cable-guardrail replacement. Guardrail fit: Yes.
RERC-FND-2026-HMA-KANSAS,Kansas,Disaster Resilience,Limited BRIC notice-of-interest opportunity; allocation uncertain,No fixed date; availability ends when the allocation is committed,https://www.kansastag.gov/535/Hazard-Mitigation-Assistance,Governmental subapplicants submit a KDEM notice of interest,Natural-hazard nexus required,Confirm remaining allocation with KDEM before treating the opportunity as available. Transportation work must have a documented natural-hazard mitigation purpose.
RERC-FND-2026-HSIP-KANSAS,Kansas,Roadway Safety,Annual program; solicitation dates vary,Application accompanies the current solicitation memo,https://www.ksdot.gov/programs/safety-programs/highway-safety-improvement-program-high-risk-rural-roads-program,Counties and Tribes apply when KDOT issues a solicitation,Conditional,"KDOT expressly lists roadside barriers, including guardrails and culvert headwalls. Guardrail fit: Yes."
